{
  "reg_name": "firstaid:default",
  "height": {
    "head_body": 1.5,
    "body_legs": 0.8,
    "legs_feet": 0.4
  },
  "parts": [
    {
      "name": "head",
      "max_health": 4,
      "cause_death": true,
      "equipment_slot": "head"
    },
    {
      "name": "body",
      "max_health": 6,
      "cause_death": true,
      "equipment_slot": "chest"
    },
    {
      "name": "leftArm",
      "max_health": 4,
      "cause_death": false,
      "equipment_slot": "chest"
    },
	{
      "name": "rightArm",
      "max_health": 4,
      "cause_death": false,
      "equipment_slot": "chest"
    },
	{
      "name": "leftLeg",
      "max_health": 4,
      "cause_death": false,
      "equipment_slot": "legs"
    },
	{
      "name": "rightArm",
      "max_health": 4,
      "cause_death": false,
      "equipment_slot": "legs"
    },
	{
      "name": "leftFoot",
      "max_health": 4,
      "cause_death": false,
      "equipment_slot": "feet"
    },
	{
      "name": "rightFoot",
      "max_health": 4,
      "cause_death": false,
      "equipment_slot": "feet"
    }
  ]
}